{"0": {"unk160": 0, "unk164": 0, "unkA8": 0.800000011920929, "damageScaling": 0.8999999761581421, "unk168": 132.0, "unkA4": -8.0, "unk7C": 0, "flags1": 536873984, "flags2": 65, "unk8C": 0, "unkBC": 20.0, "unk15C": 1551001601, "unk84": 2, "unkB8": 0.75, "unk158": 2, "unk80": 0, "unkB0": 0.9800000190734863, "unk88": 0, "unkB4": 5.0, "unk6C": 0.30000001192092896, "unk78": -1.0, "hitSfx": 1, "unk70": -1, "unk16C": -45.0, "unkAC": 10.0, "juggleSpeed": 1090519040, "unk94": 0, "unk148": 0, "multihit": -1, "unkCC": 0, "unk140": -1, "startup": 30, "unk98": 0, "unk144": 8, "unk13C": 1, "unkC": -1, "hitSfxCategory": 2, "unk8": -1, "unk138": -1, "meterGain": 1.0, "juggleLength": 20, "unk134": 0, "unk0": 0, "unk130": 14, "hitstunEffect": 2, "corneredPushback": 1.2999999523162842, "unkC0": 0.9800000190734863, "unk18": 0, "unk14C": -1, "unk14": 0, "unkC8": 0, "unk10": -1, "unkEC": 0.0, "unk128": 6, "unk124": 5, "unk120": 0, "unk90": 0, "unk11C": 0, "unkD0": 0, "unk28": 1, "damageMultiplier": 1.0, "unkD8": 0.0, "unk20": 1, "unk24": -1, "unkDC": 10.0, "unk2C": 4, "unk118": 1, "unk110": -1, "unk114": -1, "attackLevel": 1, "unk34": -1.0, "unk30": 1.0, "unk38": -1.0, "unk12C": 0, "unkE4": 0, "unkE8": 0.0, "hitstop": 0, "unk104": 0.0, "unk100": -1, "unk108": -1, "unk5C": 0, "unk44": 0, "unk188": 0, "unk184": 0, "damage": 250, "unk180": 0, "unk17C": 0, "unkF8": 0, "unkF4": 0, "unkF0": 0, "unk170": 0.0, "unk174": 0.0, "unk178": 0, "unkFC": 0, "unk50": 0, "unk54": 0, "unk58": 0, "unk10C": 0, "enemyPushback": -9.0}}