{"0": {"unk160": 0, "unk164": 0, "unkA8": 2.5, "damageScaling": 0.8999999761581421, "unk168": -7.0, "unkA4": -15.0, "unk7C": 0, "flags1": 541068288, "flags2": 65, "unk8C": 0, "unkBC": 20.0, "unk15C": 1551001600, "unk84": 2, "unkB8": 0.75, "unk158": 2, "unk80": 0, "unkB0": 0.9800000190734863, "unk88": 0, "unkB4": 5.0, "unk6C": 0.30000001192092896, "unk78": -1.0, "hitSfx": 1, "unk70": -1, "unk16C": -19.0, "unkAC": 10.0, "juggleSpeed": 1099956224, "unk94": 0, "unk148": -3, "multihit": -1, "unkCC": 0, "unk140": -1, "startup": 15, "unk98": 0, "unk144": 10, "unk13C": 1, "unkC": -1, "hitSfxCategory": 2, "unk8": 20, "unk138": -1, "meterGain": 1.0, "juggleLength": 25, "unk134": 0, "unk0": 0, "unk130": 14, "hitstunEffect": 2, "corneredPushback": 1.2999999523162842, "unkC0": 0.9800000190734863, "unk18": 0, "unk14C": -1, "unk14": 0, "unkC8": 0, "unk10": -1, "unkEC": 0.0, "unk128": 6, "unk124": 5, "unk120": 11, "unk90": 0, "unk11C": 2, "unkD0": 0, "unk28": 1, "damageMultiplier": 1.0, "unkD8": 0.0, "unk20": 1, "unk24": -1, "unkDC": 120.0, "unk2C": 4, "unk118": 1, "unk110": -1, "unk114": -1, "attackLevel": 0, "unk34": -1.0, "unk30": 1.0, "unk38": -1.0, "unk12C": 0, "unkE4": 30, "unkE8": 3.5032461608120427e-44, "hitstop": 10, "unk104": 0.0, "unk100": -1, "unk108": -1, "unk5C": 0, "unk44": 0, "unk188": 0, "unk184": 0, "damage": 1000, "unk180": 0, "unk17C": 0, "unkF8": 30, "unkF4": 1099956224, "unkF0": 1123024896, "unk170": 0.0, "unk174": 0.0, "unk178": 0, "unkFC": 0, "unk50": 0, "unk54": 0, "unk58": 0, "unk10C": 0, "enemyPushback": -9.0}, "1": {"unk160": 0, "unk164": 0, "unkA8": 2.5, "damageScaling": 0.8999999761581421, "unk168": -7.0, "unkA4": -15.0, "unk7C": 0, "flags1": 541068288, "flags2": 65, "unk8C": 0, "unkBC": 20.0, "unk15C": 1551001600, "unk84": 2, "unkB8": 0.75, "unk158": 2, "unk80": 0, "unkB0": 0.9800000190734863, "unk88": 0, "unkB4": 5.0, "unk6C": 0.30000001192092896, "unk78": -1.0, "hitSfx": 1, "unk70": -1, "unk16C": -19.0, "unkAC": 10.0, "juggleSpeed": 1099956224, "unk94": 0, "unk148": -3, "multihit": -1, "unkCC": 0, "unk140": -1, "startup": 1, "unk98": 0, "unk144": 10, "unk13C": 19, "unkC": -1, "hitSfxCategory": 2, "unk8": 25, "unk138": -1, "meterGain": 1.0, "juggleLength": 40, "unk134": 0, "unk0": 1, "unk130": 14, "hitstunEffect": 2, "corneredPushback": 1.2999999523162842, "unkC0": 0.9800000190734863, "unk18": 0, "unk14C": -1, "unk14": 0, "unkC8": 0, "unk10": -1, "unkEC": 0.0, "unk128": 6, "unk124": 5, "unk120": 0, "unk90": 0, "unk11C": 6, "unkD0": 0, "unk28": 1, "damageMultiplier": 1.0, "unkD8": 0.0, "unk20": 1, "unk24": -1, "unkDC": 120.0, "unk2C": 4, "unk118": 19, "unk110": -1, "unk114": -1, "attackLevel": 0, "unk34": -1.0, "unk30": 1.0, "unk38": -1.0, "unk12C": 0, "unkE4": 35, "unkE8": 5.605193857299268e-44, "hitstop": 10, "unk104": 0.0, "unk100": -1, "unk108": -1, "unk5C": 10, "unk44": 0, "unk188": 0, "unk184": 0, "damage": 800, "unk180": 0, "unk17C": 0, "unkF8": 35, "unkF4": 1099956224, "unkF0": 1123024896, "unk170": 0.0, "unk174": 0.0, "unk178": 0, "unkFC": 0, "unk50": 0, "unk54": 1, "unk58": 10, "unk10C": 0, "enemyPushback": -9.0}}