{
  "0x0": {
    "id": 0,
    "flags": 262658,
    "vitality": 12000,
    "meterGainMultiplier": 1,
    "damageDealtMultipler": 1,
    "damageTakenMultiplier": 1,
    "movementMultiplier": 1,
    "movementResistanceMultiplier": 1,
    "minimumLaunchHeight": 110,
    "launchResistance": 0.7075999975204468,
    "unknown24": 0,
    "unknown28": 85,
    "xSize": 50,
    "zSize1": 100,
    "zSize2": 130,
    "unknown3C": 0,
    "unknown40": 0,
    "airActions": 2,
    "unknown50": 0.5,
    "postDashVelocityMultiplier": 0.8999999761581421,
    "unknown58": 0.5,
    "postDashTraction": 0.30000001192092896,
    "unknown8f": 0,
    "flightAcceleration": 0.5,
    "flightMaxSpeed": 8,
    "flightClearance": 60,
    "unknown68": 600,
    "unknown6C": 15,
    "unknown70": 20,
    "unknown74": 25,
    "unknown78": 13,
    "unknown7C": 17,
    "unknown80": 22,
    "unknown84": 15,
    "unknown88": 20,
    "unknown8C": 25,
    "unknown90": 2,
    "unknown94": 2,
    "minScalingNormals": 0.15000000596046448,
    "minScalingSpecials": 0.30000001192092896,
    "minScalingHypers": 0.4000000059604645,
    "unknownA4": 221,
    "unknownA8": 221,
    "unknownAC": 221,
    "unknownB0": 220,
    "unknownB4": 221,
    "unknownB8": 222,
    "unknownBC": 220,
    "unknownC0": 220,
    "unknownC4": 220,
    "unknownC8": 220,
    "unknownCC": 220,
    "unknownD0": 0,
    "unknownD4": 1,
    "xfactor": [
      {
        "damageMultipler": 1.350000023841858,
        "speedMultipler": 1.0499999523162842,
        "duration": 600,
        "unknown0C": 0,
        "unknown10": 0,
        "unknown14": 0,
        "unknown18": 0,
        "unknown1C": 1,
        "unknown20": 1,
        "unknown24": 0,
        "unknown28": 0,
        "unknown2C": 1
      },
      {
        "damageMultipler": 1.600000023841858,
        "speedMultipler": 1.100000023841858,
        "duration": 900,
        "unknown0C": 0,
        "unknown10": 0,
        "unknown14": 0,
        "unknown18": 0,
        "unknown1C": 1,
        "unknown20": 1,
        "unknown24": 0,
        "unknown28": 0,
        "unknown2C": 1
      },
      {
        "damageMultipler": 1.850000023841858,
        "speedMultipler": 1.149999976158142,
        "duration": 1200,
        "unknown0C": 0,
        "unknown10": 0,
        "unknown14": 0,
        "unknown18": 0,
        "unknown1C": 1,
        "unknown20": 1,
        "unknown24": 0,
        "unknown28": 0,
        "unknown2C": 0
      }
    ],
    "unknown168": 0,
    "unknown16C": 0,
    "unknown170": 0,
    "unknown174": 0,
    "unknown178": 0,
    "unknown17C": 0,
    "unknown180": 5,
    "unknown184": -2,
    "unknown188": 1,
    "unknown18C": 1,
    "unknown190": 1.5,
    "unknown194": 1,
    "unknown198": 0,
    "unknown19C": 0,
    "unknown1A0": 0,
    "unknown1A4": 134,
    "unknown1A8": 2008441857,
    "unknown1AC": 1,
    "unknown1B0": 1,
    "unknown1B4": 2,
    "unk": [
      {
        "unknown1B8": -30,
        "unknown1BC": 25,
        "unknown1C0": -10,
        "unknown1C4": 10,
        "unknown1C8": 1,
        "unknown1CC": -0.05000000074505806,
        "unknown1D0": 0.019999999552965164,
        "unknown1D4": -0.014999999664723873,
        "unknown1D8": 0.014999999664723873
      },
      {
        "unknown1B8": -25,
        "unknown1BC": 30,
        "unknown1C0": -10,
        "unknown1C4": 10,
        "unknown1C8": 2,
        "unknown1CC": -0.019999999552965164,
        "unknown1D0": 0.05000000074505806,
        "unknown1D4": -0.014999999664723873,
        "unknown1D8": 0.014999999664723873
      }
    ],
    "unknow200": 2,
    "unknown204": 1000,
    "unknown208": 134,
    "unknown20C": 133,
    "unknown210": -7,
    "unknown214": 3,
    "unknown218": -20,
    "unknown21C": 20,
    "unknown220": -20,
    "unknown224": 20,
    "unknown228": 320,
    "unknown22C": -5,
    "unknown230": 3,
    "unknown234": -20,
    "unknown238": 20,
    "unknown23C": -20,
    "unknown240": 20,
    "unknown244": 320,
    "unknown248": 25,
    "size": "24c"
  }
}