{
  "0x0": {
    "id": 0,
    "flags": 1,
    "vitality": 9500,
    "meterGainMultiplier": 1,
    "damageDealtMultipler": 1,
    "damageTakenMultiplier": 1,
    "movementMultiplier": 1,
    "movementResistanceMultiplier": 1.0106840133666992,
    "minimumLaunchHeight": 90,
    "launchResistance": 0.49459999799728394,
    "unknown24": 0,
    "unknown28": 55,
    "xSize": 50,
    "zSize1": 50,
    "zSize2": 50,
    "unknown3C": 0,
    "unknown40": -1041235968,
    "airActions": 3,
    "unknown50": 0.5,
    "postDashVelocityMultiplier": 0.949999988079071,
    "unknown58": 0.5,
    "postDashTraction": 0.5,
    "unknown8f": 0,
    "flightAcceleration": 0.5,
    "flightMaxSpeed": 8,
    "flightClearance": 60,
    "unknown68": 600,
    "unknown6C": 11,
    "unknown70": 16,
    "unknown74": 22,
    "unknown78": 10,
    "unknown7C": 15,
    "unknown80": 20,
    "unknown84": 11,
    "unknown88": 16,
    "unknown8C": 21,
    "unknown90": 6,
    "unknown94": 6,
    "minScalingNormals": 0.10000000149011612,
    "minScalingSpecials": 0.20000000298023224,
    "minScalingHypers": 0.6000000238418579,
    "unknownA4": 220,
    "unknownA8": 222,
    "unknownAC": 220,
    "unknownB0": 220,
    "unknownB4": 222,
    "unknownB8": 223,
    "unknownBC": 220,
    "unknownC0": 220,
    "unknownC4": 220,
    "unknownC8": 220,
    "unknownCC": 220,
    "unknownD0": 0,
    "unknownD4": 1,
    "xfactor": [
      {
        "damageMultipler": 1.2000000476837158,
        "speedMultipler": 1.2000000476837158,
        "duration": 600,
        "unknown0C": 0,
        "unknown10": 0,
        "unknown14": 0,
        "unknown18": 0,
        "unknown1C": 1,
        "unknown20": 1,
        "unknown24": 0,
        "unknown28": 0,
        "unknown2C": 1
      },
      {
        "damageMultipler": 1.399999976158142,
        "speedMultipler": 1.2999999523162842,
        "duration": 900,
        "unknown0C": 0,
        "unknown10": 0,
        "unknown14": 0,
        "unknown18": 0,
        "unknown1C": 1,
        "unknown20": 1,
        "unknown24": 0,
        "unknown28": 0,
        "unknown2C": 1
      },
      {
        "damageMultipler": 1.600000023841858,
        "speedMultipler": 1.399999976158142,
        "duration": 1200,
        "unknown0C": 0,
        "unknown10": 0,
        "unknown14": 0,
        "unknown18": 0,
        "unknown1C": 1,
        "unknown20": 1,
        "unknown24": 0,
        "unknown28": 0,
        "unknown2C": 0
      }
    ],
    "unknown168": 0,
    "unknown16C": 0,
    "unknown170": 0,
    "unknown174": 0,
    "unknown178": 0,
    "unknown17C": 0,
    "unknown180": 5,
    "unknown184": -2,
    "unknown188": 1,
    "unknown18C": 0.800000011920929,
    "unknown190": 1,
    "unknown194": 1,
    "unknown198": 0,
    "unknown19C": 0,
    "unknown1A0": 0,
    "unknown1A4": 7,
    "unknown1A8": 2008441857,
    "unknown1AC": 0,
    "unknown1B0": 0,
    "unknown1B4": 0,
    "unk": [
      {
        "unknown1B8": -25,
        "unknown1BC": 25,
        "unknown1C0": -5,
        "unknown1C4": 5,
        "unknown1C8": -1,
        "unknown1CC": -1,
        "unknown1D0": 1,
        "unknown1D4": -1,
        "unknown1D8": 1
      },
      {
        "unknown1B8": -25,
        "unknown1BC": 25,
        "unknown1C0": -5,
        "unknown1C4": 5,
        "unknown1C8": -1,
        "unknown1CC": -1,
        "unknown1D0": 1,
        "unknown1D4": -1,
        "unknown1D8": 1
      }
    ],
    "unknow200": 2,
    "unknown204": 1000,
    "unknown208": 7,
    "unknown20C": 6,
    "unknown210": 0,
    "unknown214": 5,
    "unknown218": -20,
    "unknown21C": 20,
    "unknown220": -20,
    "unknown224": -20,
    "unknown228": 320,
    "unknown22C": 0,
    "unknown230": 5,
    "unknown234": -30,
    "unknown238": 20,
    "unknown23C": -20,
    "unknown240": 20,
    "unknown244": 320,
    "unknown248": 20,
    "size": "24c"
  }
}