{
  "0x0": {
    "id": 0,
    "flags": 257,
    "vitality": 9000,
    "meterGainMultiplier": 1,
    "damageDealtMultipler": 1,
    "damageTakenMultiplier": 1,
    "movementMultiplier": 1,
    "movementResistanceMultiplier": 0.9399999976158142,
    "minimumLaunchHeight": 160,
    "launchResistance": 1.660599946975708,
    "unknown24": 0,
    "unknown28": 85,
    "xSize": 50,
    "zSize1": 90,
    "zSize2": 130,
    "unknown3C": 1125842944,
    "unknown40": 1119092736,
    "airActions": 2,
    "unknown50": 0.5,
    "postDashVelocityMultiplier": 0.75,
    "unknown58": 0.5,
    "postDashTraction": 0.5,
    "unknown8f": 0,
    "flightAcceleration": 0.800000011920929,
    "flightMaxSpeed": 13,
    "flightClearance": 10,
    "unknown68": 600,
    "unknown6C": 18,
    "unknown70": 23,
    "unknown74": 29,
    "unknown78": 15,
    "unknown7C": 19,
    "unknown80": 25,
    "unknown84": 17,
    "unknown88": 22,
    "unknown8C": 27,
    "unknown90": 1,
    "unknown94": 2,
    "minScalingNormals": 0.10000000149011612,
    "minScalingSpecials": 0.10000000149011612,
    "minScalingHypers": 0.4000000059604645,
    "unknownA4": 222,
    "unknownA8": 222,
    "unknownAC": 220,
    "unknownB0": 220,
    "unknownB4": 222,
    "unknownB8": 220,
    "unknownBC": 220,
    "unknownC0": 220,
    "unknownC4": 220,
    "unknownC8": 220,
    "unknownCC": 220,
    "unknownD0": 0,
    "unknownD4": 1,
    "xfactor": [
      {
        "damageMultipler": 1.2999999523162842,
        "speedMultipler": 1.100000023841858,
        "duration": 600,
        "unknown0C": 0,
        "unknown10": 0,
        "unknown14": 0,
        "unknown18": 0,
        "unknown1C": 1,
        "unknown20": 1,
        "unknown24": 0,
        "unknown28": 0,
        "unknown2C": 1
      },
      {
        "damageMultipler": 1.5,
        "speedMultipler": 1.2000000476837158,
        "duration": 900,
        "unknown0C": 0,
        "unknown10": 0,
        "unknown14": 0,
        "unknown18": 0,
        "unknown1C": 1,
        "unknown20": 1,
        "unknown24": 0,
        "unknown28": 0,
        "unknown2C": 1
      },
      {
        "damageMultipler": 1.7000000476837158,
        "speedMultipler": 1.2999999523162842,
        "duration": 1200,
        "unknown0C": 0,
        "unknown10": 0,
        "unknown14": 0,
        "unknown18": 0,
        "unknown1C": 1,
        "unknown20": 1,
        "unknown24": 0,
        "unknown28": 0,
        "unknown2C": 0
      }
    ],
    "unknown168": 0,
    "unknown16C": 0,
    "unknown170": 0,
    "unknown174": 0,
    "unknown178": 0,
    "unknown17C": 0,
    "unknown180": 5,
    "unknown184": -2,
    "unknown188": 1.5,
    "unknown18C": 1.5,
    "unknown190": 1.5,
    "unknown194": 1.5,
    "unknown198": 0,
    "unknown19C": 0,
    "unknown1A0": 0,
    "unknown1A4": 7,
    "unknown1A8": 2008441857,
    "unknown1AC": 1,
    "unknown1B0": 1,
    "unknown1B4": 2,
    "unk": [
      {
        "unknown1B8": -30,
        "unknown1BC": 25,
        "unknown1C0": -10,
        "unknown1C4": 10,
        "unknown1C8": -1,
        "unknown1CC": -1,
        "unknown1D0": 1,
        "unknown1D4": -1,
        "unknown1D8": 1
      },
      {
        "unknown1B8": -25,
        "unknown1BC": 30,
        "unknown1C0": -10,
        "unknown1C4": 10,
        "unknown1C8": -1,
        "unknown1CC": -1,
        "unknown1D0": 1,
        "unknown1D4": -1,
        "unknown1D8": 1
      }
    ],
    "unknow200": 2,
    "unknown204": 1000,
    "unknown208": 7,
    "unknown20C": 6,
    "unknown210": -5,
    "unknown214": 5,
    "unknown218": -20,
    "unknown21C": 20,
    "unknown220": -20,
    "unknown224": 20,
    "unknown228": 320,
    "unknown22C": -3,
    "unknown230": 3,
    "unknown234": -20,
    "unknown238": 20,
    "unknown23C": -20,
    "unknown240": 20,
    "unknown244": 320,
    "unknown248": 25,
    "size": "24c"
  }
}