{
  "0x0": {
    "id": 0,
    "flags": 262145,
    "vitality": 7500,
    "meterGainMultiplier": 1,
    "damageDealtMultipler": 1,
    "damageTakenMultiplier": 1,
    "movementMultiplier": 1,
    "movementResistanceMultiplier": 1,
    "minimumLaunchHeight": 107,
    "launchResistance": 0.9799000024795532,
    "unknown24": 0,
    "unknown28": 70,
    "xSize": 50,
    "zSize1": 50,
    "zSize2": 50,
    "unknown3C": 0,
    "unknown40": 0,
    "airActions": 2,
    "unknown50": 0.5,
    "postDashVelocityMultiplier": 0.6000000238418579,
    "unknown58": 0.5,
    "postDashTraction": 0.30000001192092896,
    "unknown8f": 0,
    "flightAcceleration": 0.5,
    "flightMaxSpeed": 8,
    "flightClearance": 60,
    "unknown68": 600,
    "unknown6C": 14,
    "unknown70": 19,
    "unknown74": 24,
    "unknown78": 13,
    "unknown7C": 17,
    "unknown80": 22,
    "unknown84": 13,
    "unknown88": 18,
    "unknown8C": 23,
    "unknown90": 2,
    "unknown94": 2,
    "minScalingNormals": 0.10000000149011612,
    "minScalingSpecials": 0.20000000298023224,
    "minScalingHypers": 0.33000001311302185,
    "unknownA4": 220,
    "unknownA8": 222,
    "unknownAC": 220,
    "unknownB0": 220,
    "unknownB4": 222,
    "unknownB8": 223,
    "unknownBC": 220,
    "unknownC0": 220,
    "unknownC4": 220,
    "unknownC8": 220,
    "unknownCC": 220,
    "unknownD0": 0,
    "unknownD4": 1,
    "xfactor": [
      {
        "damageMultipler": 1.3250000476837158,
        "speedMultipler": 1.0750000476837158,
        "duration": 600,
        "unknown0C": 0,
        "unknown10": 0,
        "unknown14": 0,
        "unknown18": 0,
        "unknown1C": 1,
        "unknown20": 1,
        "unknown24": 0,
        "unknown28": 0,
        "unknown2C": 1
      },
      {
        "damageMultipler": 1.5499999523162842,
        "speedMultipler": 1.149999976158142,
        "duration": 900,
        "unknown0C": 0,
        "unknown10": 0,
        "unknown14": 0,
        "unknown18": 0,
        "unknown1C": 1,
        "unknown20": 1,
        "unknown24": 0,
        "unknown28": 0,
        "unknown2C": 1
      },
      {
        "damageMultipler": 1.774999976158142,
        "speedMultipler": 1.225000023841858,
        "duration": 1200,
        "unknown0C": 0,
        "unknown10": 0,
        "unknown14": 0,
        "unknown18": 0,
        "unknown1C": 1,
        "unknown20": 1,
        "unknown24": 0,
        "unknown28": 0,
        "unknown2C": 0
      }
    ],
    "unknown168": 0,
    "unknown16C": 0,
    "unknown170": 0,
    "unknown174": 0,
    "unknown178": 0,
    "unknown17C": 0,
    "unknown180": 5,
    "unknown184": -2,
    "unknown188": 1,
    "unknown18C": 1,
    "unknown190": 1,
    "unknown194": 1,
    "unknown198": 0,
    "unknown19C": 0,
    "unknown1A0": 0,
    "unknown1A4": 7,
    "unknown1A8": 2008441857,
    "unknown1AC": 0,
    "unknown1B0": 0,
    "unknown1B4": 0,
    "unk": [
      {
        "unknown1B8": -18,
        "unknown1BC": 6,
        "unknown1C0": -2,
        "unknown1C4": 10,
        "unknown1C8": -1,
        "unknown1CC": -1,
        "unknown1D0": 1,
        "unknown1D4": -1,
        "unknown1D8": 1
      },
      {
        "unknown1B8": -6,
        "unknown1BC": 18,
        "unknown1C0": -2,
        "unknown1C4": 10,
        "unknown1C8": -1,
        "unknown1CC": -1,
        "unknown1D0": 1,
        "unknown1D4": -1,
        "unknown1D8": 1
      }
    ],
    "unknow200": 2,
    "unknown204": 1000,
    "unknown208": 7,
    "unknown20C": 6,
    "unknown210": -5,
    "unknown214": 3,
    "unknown218": -20,
    "unknown21C": 20,
    "unknown220": -20,
    "unknown224": 20,
    "unknown228": 320,
    "unknown22C": -5,
    "unknown230": 3,
    "unknown234": -20,
    "unknown238": 20,
    "unknown23C": -15,
    "unknown240": 15,
    "unknown244": 320,
    "unknown248": 20,
    "size": "24c"
  }
}