{
  "0x0": {
    "id": 0,
    "flags": 262145,
    "vitality": 8500,
    "meterGainMultiplier": 1,
    "damageDealtMultipler": 1,
    "damageTakenMultiplier": 1,
    "movementMultiplier": 1,
    "movementResistanceMultiplier": 0.9759680032730103,
    "minimumLaunchHeight": 110,
    "launchResistance": 1.0964000225067139,
    "unknown24": 0,
    "unknown28": 60,
    "xSize": 50,
    "zSize1": 100,
    "zSize2": 100,
    "unknown3C": 1125515264,
    "unknown40": 1109393408,
    "airActions": 2,
    "unknown50": 0.5,
    "postDashVelocityMultiplier": 0.75,
    "unknown58": 0.5,
    "postDashTraction": 0.5,
    "unknown8f": 0,
    "flightAcceleration": 0.699999988079071,
    "flightMaxSpeed": 8,
    "flightClearance": 5,
    "unknown68": 600,
    "unknown6C": 12,
    "unknown70": 17,
    "unknown74": 22,
    "unknown78": 11,
    "unknown7C": 16,
    "unknown80": 21,
    "unknown84": 12,
    "unknown88": 17,
    "unknown8C": 22,
    "unknown90": 2,
    "unknown94": 2,
    "minScalingNormals": 0.15000000596046448,
    "minScalingSpecials": 0.20000000298023224,
    "minScalingHypers": 0.4000000059604645,
    "unknownA4": 220,
    "unknownA8": 220,
    "unknownAC": 220,
    "unknownB0": 220,
    "unknownB4": 222,
    "unknownB8": 223,
    "unknownBC": 220,
    "unknownC0": 220,
    "unknownC4": 220,
    "unknownC8": 220,
    "unknownCC": 220,
    "unknownD0": 0,
    "unknownD4": 1,
    "xfactor": [
      {
        "damageMultipler": 1.2000000476837158,
        "speedMultipler": 1.2000000476837158,
        "duration": 600,
        "unknown0C": 0,
        "unknown10": 0,
        "unknown14": 0,
        "unknown18": 0,
        "unknown1C": 1,
        "unknown20": 1,
        "unknown24": 0,
        "unknown28": 0,
        "unknown2C": 1
      },
      {
        "damageMultipler": 1.4500000476837158,
        "speedMultipler": 1.25,
        "duration": 900,
        "unknown0C": 0,
        "unknown10": 0,
        "unknown14": 0,
        "unknown18": 0,
        "unknown1C": 1,
        "unknown20": 1,
        "unknown24": 0,
        "unknown28": 0,
        "unknown2C": 1
      },
      {
        "damageMultipler": 1.7000000476837158,
        "speedMultipler": 1.2999999523162842,
        "duration": 1200,
        "unknown0C": 0,
        "unknown10": 0,
        "unknown14": 0,
        "unknown18": 0,
        "unknown1C": 1,
        "unknown20": 1,
        "unknown24": 0,
        "unknown28": 0,
        "unknown2C": 0
      }
    ],
    "unknown168": 0,
    "unknown16C": 0,
    "unknown170": 0,
    "unknown174": 0,
    "unknown178": 0,
    "unknown17C": 0,
    "unknown180": 5,
    "unknown184": -2,
    "unknown188": 1,
    "unknown18C": 1,
    "unknown190": 1,
    "unknown194": 1,
    "unknown198": 0,
    "unknown19C": 0,
    "unknown1A0": 0,
    "unknown1A4": 7,
    "unknown1A8": 2008441857,
    "unknown1AC": 0,
    "unknown1B0": 0,
    "unknown1B4": 0,
    "unk": [
      {
        "unknown1B8": -10,
        "unknown1BC": 5,
        "unknown1C0": -10,
        "unknown1C4": 10,
        "unknown1C8": -1,
        "unknown1CC": -1,
        "unknown1D0": 1,
        "unknown1D4": -1,
        "unknown1D8": 1
      },
      {
        "unknown1B8": -10,
        "unknown1BC": 5,
        "unknown1C0": -10,
        "unknown1C4": 10,
        "unknown1C8": -1,
        "unknown1CC": -1,
        "unknown1D0": 1,
        "unknown1D4": -1,
        "unknown1D8": 1
      }
    ],
    "unknow200": 2,
    "unknown204": 1000,
    "unknown208": 7,
    "unknown20C": 6,
    "unknown210": -9,
    "unknown214": 2,
    "unknown218": -30,
    "unknown21C": 25,
    "unknown220": -20,
    "unknown224": 22,
    "unknown228": 320,
    "unknown22C": -5,
    "unknown230": 5,
    "unknown234": -20,
    "unknown238": 20,
    "unknown23C": -20,
    "unknown240": 20,
    "unknown244": 320,
    "unknown248": 15,
    "size": "24c"
  }
}