{
  "0x0": {
    "id": 0,
    "flags": 1,
    "vitality": 10500,
    "meterGainMultiplier": 1,
    "damageDealtMultipler": 1,
    "damageTakenMultiplier": 1,
    "movementMultiplier": 1,
    "movementResistanceMultiplier": 0.9890109896659851,
    "minimumLaunchHeight": 115,
    "launchResistance": 1.082900047302246,
    "unknown24": 0,
    "unknown28": 65,
    "xSize": 50,
    "zSize1": 50,
    "zSize2": 50,
    "unknown3C": 0,
    "unknown40": 1084227584,
    "airActions": 2,
    "unknown50": 0.5,
    "postDashVelocityMultiplier": 0.8999999761581421,
    "unknown58": 0.5,
    "postDashTraction": 0.3499999940395355,
    "unknown8f": 0,
    "flightAcceleration": 0.5,
    "flightMaxSpeed": 8,
    "flightClearance": 60,
    "unknown68": 600,
    "unknown6C": 14,
    "unknown70": 19,
    "unknown74": 23,
    "unknown78": 12,
    "unknown7C": 17,
    "unknown80": 21,
    "unknown84": 13,
    "unknown88": 18,
    "unknown8C": 23,
    "unknown90": 2,
    "unknown94": 3,
    "minScalingNormals": 0.20000000298023224,
    "minScalingSpecials": 0.20000000298023224,
    "minScalingHypers": 0.550000011920929,
    "unknownA4": 222,
    "unknownA8": 221,
    "unknownAC": 222,
    "unknownB0": 220,
    "unknownB4": 221,
    "unknownB8": 222,
    "unknownBC": 220,
    "unknownC0": 220,
    "unknownC4": 220,
    "unknownC8": 220,
    "unknownCC": 220,
    "unknownD0": 0,
    "unknownD4": 1,
    "xfactor": [
      {
        "damageMultipler": 1.350000023841858,
        "speedMultipler": 1.0499999523162842,
        "duration": 600,
        "unknown0C": 0,
        "unknown10": 0,
        "unknown14": 0,
        "unknown18": 0,
        "unknown1C": 1,
        "unknown20": 1,
        "unknown24": 0,
        "unknown28": 0,
        "unknown2C": 1
      },
      {
        "damageMultipler": 1.600000023841858,
        "speedMultipler": 1.100000023841858,
        "duration": 900,
        "unknown0C": 0,
        "unknown10": 0,
        "unknown14": 0,
        "unknown18": 0,
        "unknown1C": 1,
        "unknown20": 1,
        "unknown24": 0,
        "unknown28": 0,
        "unknown2C": 1
      },
      {
        "damageMultipler": 1.850000023841858,
        "speedMultipler": 1.149999976158142,
        "duration": 1200,
        "unknown0C": 0,
        "unknown10": 0,
        "unknown14": 0,
        "unknown18": 0,
        "unknown1C": 1,
        "unknown20": 1,
        "unknown24": 0,
        "unknown28": 0,
        "unknown2C": 0
      }
    ],
    "unknown168": 0,
    "unknown16C": 0,
    "unknown170": 0,
    "unknown174": 0,
    "unknown178": 0,
    "unknown17C": 0,
    "unknown180": 5,
    "unknown184": -2,
    "unknown188": 1,
    "unknown18C": 1,
    "unknown190": 1,
    "unknown194": 1,
    "unknown198": 0,
    "unknown19C": 0,
    "unknown1A0": 0,
    "unknown1A4": 7,
    "unknown1A8": 2008441857,
    "unknown1AC": 0,
    "unknown1B0": 1,
    "unknown1B4": 0,
    "unk": [
      {
        "unknown1B8": -30,
        "unknown1BC": 25,
        "unknown1C0": -10,
        "unknown1C4": 10,
        "unknown1C8": -1,
        "unknown1CC": -1,
        "unknown1D0": 1,
        "unknown1D4": -1,
        "unknown1D8": 1
      },
      {
        "unknown1B8": -25,
        "unknown1BC": 30,
        "unknown1C0": -10,
        "unknown1C4": 10,
        "unknown1C8": -1,
        "unknown1CC": -1,
        "unknown1D0": 1,
        "unknown1D4": -1,
        "unknown1D8": 1
      }
    ],
    "unknow200": 2,
    "unknown204": 1000,
    "unknown208": 7,
    "unknown20C": 6,
    "unknown210": -8,
    "unknown214": 5,
    "unknown218": -30,
    "unknown21C": 15,
    "unknown220": -30,
    "unknown224": 15,
    "unknown228": 320,
    "unknown22C": -5,
    "unknown230": 3,
    "unknown234": -20,
    "unknown238": 20,
    "unknown23C": -20,
    "unknown240": 20,
    "unknown244": 320,
    "unknown248": 22,
    "size": "24c"
  }
}