{
  "0x0": {
    "id": 0,
    "flags": 262145,
    "vitality": 10000,
    "meterGainMultiplier": 1,
    "damageDealtMultipler": 1,
    "damageTakenMultiplier": 1,
    "movementMultiplier": 1,
    "movementResistanceMultiplier": 0.9687290191650391,
    "minimumLaunchHeight": 140,
    "launchResistance": 1.3282999992370605,
    "unknown24": 1081585172,
    "unknown28": 70,
    "xSize": 50,
    "zSize1": 150,
    "zSize2": 110,
    "unknown3C": 1120403456,
    "unknown40": 1108082688,
    "airActions": 2,
    "unknown50": 0.5,
    "postDashVelocityMultiplier": 0.75,
    "unknown58": 0.5,
    "postDashTraction": 0.5,
    "unknown8f": 0,
    "flightAcceleration": 1,
    "flightMaxSpeed": 8,
    "flightClearance": 15,
    "unknown68": 600,
    "unknown6C": 15,
    "unknown70": 18,
    "unknown74": 23,
    "unknown78": 12,
    "unknown7C": 17,
    "unknown80": 22,
    "unknown84": 15,
    "unknown88": 20,
    "unknown8C": 25,
    "unknown90": 2,
    "unknown94": 2,
    "minScalingNormals": 0.20000000298023224,
    "minScalingSpecials": 0.20000000298023224,
    "minScalingHypers": 0.4000000059604645,
    "unknownA4": 220,
    "unknownA8": 220,
    "unknownAC": 221,
    "unknownB0": 220,
    "unknownB4": 221,
    "unknownB8": 222,
    "unknownBC": 220,
    "unknownC0": 220,
    "unknownC4": 220,
    "unknownC8": 220,
    "unknownCC": 220,
    "unknownD0": 0,
    "unknownD4": 1,
    "xfactor": [
      {
        "damageMultipler": 1.2999999523162842,
        "speedMultipler": 1.100000023841858,
        "duration": 600,
        "unknown0C": 0,
        "unknown10": 0,
        "unknown14": 0,
        "unknown18": 0,
        "unknown1C": 1,
        "unknown20": 1,
        "unknown24": 0,
        "unknown28": 0,
        "unknown2C": 1
      },
      {
        "damageMultipler": 1.5499999523162842,
        "speedMultipler": 1.149999976158142,
        "duration": 900,
        "unknown0C": 0,
        "unknown10": 0,
        "unknown14": 0,
        "unknown18": 0,
        "unknown1C": 1,
        "unknown20": 1,
        "unknown24": 0,
        "unknown28": 0,
        "unknown2C": 1
      },
      {
        "damageMultipler": 1.7999999523162842,
        "speedMultipler": 1.2000000476837158,
        "duration": 1200,
        "unknown0C": 0,
        "unknown10": 0,
        "unknown14": 0,
        "unknown18": 0,
        "unknown1C": 1,
        "unknown20": 1,
        "unknown24": 0,
        "unknown28": 0,
        "unknown2C": 0
      }
    ],
    "unknown168": 0,
    "unknown16C": 0,
    "unknown170": 0,
    "unknown174": 0,
    "unknown178": 0,
    "unknown17C": 0,
    "unknown180": 5,
    "unknown184": -2,
    "unknown188": 1.25,
    "unknown18C": 1.25,
    "unknown190": 1.25,
    "unknown194": 1.25,
    "unknown198": 0,
    "unknown19C": 0,
    "unknown1A0": 0,
    "unknown1A4": 7,
    "unknown1A8": 2008441857,
    "unknown1AC": 1,
    "unknown1B0": 1,
    "unknown1B4": 2,
    "unk": [
      {
        "unknown1B8": -30,
        "unknown1BC": 25,
        "unknown1C0": -10,
        "unknown1C4": 10,
        "unknown1C8": -1,
        "unknown1CC": -1,
        "unknown1D0": 1,
        "unknown1D4": -1,
        "unknown1D8": 1
      },
      {
        "unknown1B8": -25,
        "unknown1BC": 30,
        "unknown1C0": -10,
        "unknown1C4": 10,
        "unknown1C8": -1,
        "unknown1CC": -1,
        "unknown1D0": 1,
        "unknown1D4": -1,
        "unknown1D8": 1
      }
    ],
    "unknow200": 2,
    "unknown204": 1000,
    "unknown208": 7,
    "unknown20C": 6,
    "unknown210": -8,
    "unknown214": 7,
    "unknown218": -20,
    "unknown21C": 20,
    "unknown220": -20,
    "unknown224": 20,
    "unknown228": 320,
    "unknown22C": -5,
    "unknown230": 5,
    "unknown234": -20,
    "unknown238": 20,
    "unknown23C": -20,
    "unknown240": 20,
    "unknown244": 320,
    "unknown248": 25,
    "size": "24c"
  }
}